patient_id,rouge_l,meteor,bleu_4,bertscore_f1,radgraph_f1,ratescore,ratescore_approx,green,green_approx
BraTS-GLI-00000-000,0.155,0.32290693453083036,0.061009748480130715,0.5433498620986938,,0.8081429600715637,True,0.8081429600715637,True
BraTS-GLI-00002-000,0.1400560224089636,0.18033650794665151,0.0526833464172679,0.5532777905464172,,0.7914459705352783,True,0.7914459705352783,True
BraTS-GLI-00003-000,0.15019762845849802,0.2164133000138831,0.01397118710305818,0.5102947950363159,,0.7966376543045044,True,0.7966376543045044,True
BraTS-GLI-00005-000,0.17142857142857143,0.25392311312670524,0.03106289286438311,0.5142507553100586,,0.8042723536491394,True,0.8042723536491394,True
BraTS-GLI-00006-000,0.16216216216216217,0.2609969601256497,0.015015116151162154,0.5603697896003723,,0.7972962856292725,True,0.7972962856292725,True
