patient_id,rouge_l,meteor,bleu_4,bertscore_f1,radgraph_f1,ratescore,ratescore_approx,green,green_approx
BraTS-GLI-00000-000,0.189873417721519,0.31693339413232785,0.08878449068951019,0.5813878774642944,,0.8153197169303894,True,0.8153197169303894,True
BraTS-GLI-00002-000,0.141643059490085,0.19997004679747402,0.04076987259497264,0.5563703179359436,,0.7917230129241943,True,0.7917230129241943,True
BraTS-GLI-00003-000,0.13213213213213212,0.2394894004113273,0.012391822157980051,0.5157625079154968,,0.7929142713546753,True,0.7929142713546753,True
BraTS-GLI-00005-000,0.1803921568627451,0.2513988540073182,0.03501821006935594,0.5197848081588745,,0.806053102016449,True,0.806053102016449,True
BraTS-GLI-00006-000,0.16181229773462785,0.22038843663948152,0.014679193170972642,0.550688624382019,,0.7894676327705383,True,0.7894676327705383,True
